,sumStudentPop,key1,UID,Province_State,POPESTIMATE2019,Long_,Lat,Country_Region,Combined_Key,Admin2,date,case_count,month,pct_change,ratioStudent,casesPerThousand
8191,812.0,"Allen,Ohio",84039003,Ohio,102351.0,-84.10802343,40.77285242,US,"Allen, Ohio, US",Allen,2020-07-01,297,7,0.40094339622641506,0.793348379595705,2.9017791716739456
5401,812.0,"Allen,Ohio",84039003,Ohio,102351.0,-84.10802343,40.77285242,US,"Allen, Ohio, US",Allen,2020-08-01,635,8,1.138047138047138,0.793348379595705,6.204140653242274
2611,812.0,"Allen,Ohio",84039003,Ohio,102351.0,-84.10802343,40.77285242,US,"Allen, Ohio, US",Allen,2020-09-01,1162,9,0.8299212598425196,0.793348379595705,11.353088880421296
27001,812.0,"Allen,Ohio",84039003,Ohio,102351.0,-84.10802343,40.77285242,US,"Allen, Ohio, US",Allen,2020-10-01,1496,10,0.28743545611015486,0.793348379595705,14.616369161024318
24211,812.0,"Allen,Ohio",84039003,Ohio,102351.0,-84.10802343,40.77285242,US,"Allen, Ohio, US",Allen,2020-11-01,2580,11,0.7245989304812834,0.793348379595705,25.207374622622154
22501,812.0,"Allen,Ohio",84039003,Ohio,102351.0,-84.10802343,40.77285242,US,"Allen, Ohio, US",Allen,2020-11-27,5183,12,1.0089147286821705,0.793348379595705,50.63946615079482
8192,6910.0,"Ashland,Ohio",84039005,Ohio,53484.0,-82.27280781,40.84772277,US,"Ashland, Ohio, US",Ashland,2020-07-01,55,7,1.75,12.919751701443422,1.0283449255852217
5402,6910.0,"Ashland,Ohio",84039005,Ohio,53484.0,-82.27280781,40.84772277,US,"Ashland, Ohio, US",Ashland,2020-08-01,127,8,1.309090909090909,12.919751701443422,2.3745419190786032
2612,6910.0,"Ashland,Ohio",84039005,Ohio,53484.0,-82.27280781,40.84772277,US,"Ashland, Ohio, US",Ashland,2020-09-01,171,9,0.3464566929133859,12.919751701443422,3.19721785954678
27002,6910.0,"Ashland,Ohio",84039005,Ohio,53484.0,-82.27280781,40.84772277,US,"Ashland, Ohio, US",Ashland,2020-10-01,271,10,0.5847953216374269,12.919751701443422,5.066935906065365
24212,6910.0,"Ashland,Ohio",84039005,Ohio,53484.0,-82.27280781,40.84772277,US,"Ashland, Ohio, US",Ashland,2020-11-01,511,11,0.8856088560885609,12.919751701443422,9.55425921770997
22502,6910.0,"Ashland,Ohio",84039005,Ohio,53484.0,-82.27280781,40.84772277,US,"Ashland, Ohio, US",Ashland,2020-11-27,1173,12,1.2954990215264188,12.919751701443422,21.931792685663
8193,3320.0,"Ashtabula,Ohio",84039007,Ohio,97241.0,-80.74830218,41.70860332,US,"Ashtabula, Ohio, US",Ashtabula,2020-07-01,421,7,0.2382352941176471,3.414197714955626,4.329449512037104
5403,3320.0,"Ashtabula,Ohio",84039007,Ohio,97241.0,-80.74830218,41.70860332,US,"Ashtabula, Ohio, US",Ashtabula,2020-08-01,537,8,0.2755344418052257,3.414197714955626,5.522361966660154
2613,3320.0,"Ashtabula,Ohio",84039007,Ohio,97241.0,-80.74830218,41.70860332,US,"Ashtabula, Ohio, US",Ashtabula,2020-09-01,612,9,0.13966480446927365,3.414197714955626,6.293641570942298
27003,3320.0,"Ashtabula,Ohio",84039007,Ohio,97241.0,-80.74830218,41.70860332,US,"Ashtabula, Ohio, US",Ashtabula,2020-10-01,667,10,0.08986928104575154,3.414197714955626,6.8592466140825366
24213,3320.0,"Ashtabula,Ohio",84039007,Ohio,97241.0,-80.74830218,41.70860332,US,"Ashtabula, Ohio, US",Ashtabula,2020-11-01,890,11,0.3343328335832083,3.414197714955626,9.15251797081478
22503,3320.0,"Ashtabula,Ohio",84039007,Ohio,97241.0,-80.74830218,41.70860332,US,"Ashtabula, Ohio, US",Ashtabula,2020-11-27,2404,12,1.701123595505618,3.414197714955626,24.722082249257
8194,25968.0,"Athens,Ohio",84039009,Ohio,65327.0,-82.04278644,39.33425634,US,"Athens, Ohio, US",Athens,2020-07-01,37,7,1.0555555555555554,39.75079216862859,0.5663814349350192
5404,25968.0,"Athens,Ohio",84039009,Ohio,65327.0,-82.04278644,39.33425634,US,"Athens, Ohio, US",Athens,2020-08-01,342,8,8.243243243243244,39.75079216862859,5.235201371561529
2614,25968.0,"Athens,Ohio",84039009,Ohio,65327.0,-82.04278644,39.33425634,US,"Athens, Ohio, US",Athens,2020-09-01,396,9,0.1578947368421053,39.75079216862859,6.061812114439665
27004,25968.0,"Athens,Ohio",84039009,Ohio,65327.0,-82.04278644,39.33425634,US,"Athens, Ohio, US",Athens,2020-10-01,773,10,0.952020202020202,39.75079216862859,11.832779708237023
24214,25968.0,"Athens,Ohio",84039009,Ohio,65327.0,-82.04278644,39.33425634,US,"Athens, Ohio, US",Athens,2020-11-01,1388,11,0.7956015523932729,39.75079216862859,21.246957613238017
22504,25968.0,"Athens,Ohio",84039009,Ohio,65327.0,-82.04278644,39.33425634,US,"Athens, Ohio, US",Athens,2020-11-27,1998,12,0.4394812680115274,39.75079216862859,30.584597486491038
8196,721.0,"Belmont,Ohio",84039013,Ohio,67006.0,-80.9924051,40.01625942,US,"Belmont, Ohio, US",Belmont,2020-07-01,534,7,0.22758620689655173,1.076023042712593,7.969435572933767
5406,721.0,"Belmont,Ohio",84039013,Ohio,67006.0,-80.9924051,40.01625942,US,"Belmont, Ohio, US",Belmont,2020-08-01,589,8,0.10299625468164786,1.076023042712593,8.79025758887264
2616,721.0,"Belmont,Ohio",84039013,Ohio,67006.0,-80.9924051,40.01625942,US,"Belmont, Ohio, US",Belmont,2020-09-01,684,9,0.16129032258064524,1.076023042712593,10.208041070948871
27006,721.0,"Belmont,Ohio",84039013,Ohio,67006.0,-80.9924051,40.01625942,US,"Belmont, Ohio, US",Belmont,2020-10-01,723,10,0.05701754385964919,1.076023042712593,10.790078500432797
24216,721.0,"Belmont,Ohio",84039013,Ohio,67006.0,-80.9924051,40.01625942,US,"Belmont, Ohio, US",Belmont,2020-11-01,885,11,0.22406639004149387,1.076023042712593,13.207772438289108
22506,721.0,"Belmont,Ohio",84039013,Ohio,67006.0,-80.9924051,40.01625942,US,"Belmont, Ohio, US",Belmont,2020-11-27,1767,12,0.9966101694915255,1.076023042712593,26.370772766617915
8198,18422.0,"Butler,Ohio",84039017,Ohio,383134.0,-84.57388716,39.44012838,US,"Butler, Ohio, US",Butler,2020-07-01,1448,7,0.5929592959295931,4.808239414930546,3.7793565697641034
5408,18422.0,"Butler,Ohio",84039017,Ohio,383134.0,-84.57388716,39.44012838,US,"Butler, Ohio, US",Butler,2020-08-01,2652,8,0.8314917127071824,4.808239414930546,6.921860236888399
2618,18422.0,"Butler,Ohio",84039017,Ohio,383134.0,-84.57388716,39.44012838,US,"Butler, Ohio, US",Butler,2020-09-01,4147,9,0.5637254901960784,4.808239414930546,10.823889291997057
27008,18422.0,"Butler,Ohio",84039017,Ohio,383134.0,-84.57388716,39.44012838,US,"Butler, Ohio, US",Butler,2020-10-01,6312,10,0.522064142753798,4.808239414930546,16.47465377648551
24218,18422.0,"Butler,Ohio",84039017,Ohio,383134.0,-84.57388716,39.44012838,US,"Butler, Ohio, US",Butler,2020-11-01,9565,11,0.5153675538656528,4.808239414930546,24.965155794056386
22508,18422.0,"Butler,Ohio",84039017,Ohio,383134.0,-84.57388716,39.44012838,US,"Butler, Ohio, US",Butler,2020-11-27,15768,12,0.6485101934134867,4.808239414930546,41.15531380665772
8201,10381.0,"Clark,Ohio",84039023,Ohio,134083.0,-83.78498252,39.91592258,US,"Clark, Ohio, US",Clark,2020-07-01,739,7,1.5050847457627117,7.742219371583273,5.511511526442576
5411,10381.0,"Clark,Ohio",84039023,Ohio,134083.0,-83.78498252,39.91592258,US,"Clark, Ohio, US",Clark,2020-08-01,1067,8,0.4438430311231394,7.742219371583273,7.957757508408971
2621,10381.0,"Clark,Ohio",84039023,Ohio,134083.0,-83.78498252,39.91592258,US,"Clark, Ohio, US",Clark,2020-09-01,1433,9,0.3430178069353327,7.742219371583273,10.687410037066593
27011,10381.0,"Clark,Ohio",84039023,Ohio,134083.0,-83.78498252,39.91592258,US,"Clark, Ohio, US",Clark,2020-10-01,1895,10,0.322400558269365,7.742219371583273,14.133036999470477
24221,10381.0,"Clark,Ohio",84039023,Ohio,134083.0,-83.78498252,39.91592258,US,"Clark, Ohio, US",Clark,2020-11-01,2924,11,0.5430079155672822,7.742219371583273,21.80738796118822
22511,10381.0,"Clark,Ohio",84039023,Ohio,134083.0,-83.78498252,39.91592258,US,"Clark, Ohio, US",Clark,2020-11-27,5438,12,0.8597811217510261,7.742219371583273,40.556968444918446
8203,1282.0,"Clinton,Ohio",84039027,Ohio,41968.0,-83.80852286,39.41485808,US,"Clinton, Ohio, US",Clinton,2020-07-01,62,7,0.44186046511627897,3.054708349218452,1.4773160503240563
5413,1282.0,"Clinton,Ohio",84039027,Ohio,41968.0,-83.80852286,39.41485808,US,"Clinton, Ohio, US",Clinton,2020-08-01,144,8,1.3225806451612905,3.054708349218452,3.431185665268776
2623,1282.0,"Clinton,Ohio",84039027,Ohio,41968.0,-83.80852286,39.41485808,US,"Clinton, Ohio, US",Clinton,2020-09-01,249,9,0.7291666666666667,3.054708349218452,5.933091879527259
27013,1282.0,"Clinton,Ohio",84039027,Ohio,41968.0,-83.80852286,39.41485808,US,"Clinton, Ohio, US",Clinton,2020-10-01,314,10,0.2610441767068272,3.054708349218452,7.481890964544415
24223,1282.0,"Clinton,Ohio",84039027,Ohio,41968.0,-83.80852286,39.41485808,US,"Clinton, Ohio, US",Clinton,2020-11-01,575,11,0.8312101910828025,3.054708349218452,13.700914982844072
22513,1282.0,"Clinton,Ohio",84039027,Ohio,41968.0,-83.80852286,39.41485808,US,"Clinton, Ohio, US",Clinton,2020-11-27,1131,12,0.9669565217391305,3.054708349218452,26.949104079298515
8204,4920.0,"Columbiana,Ohio",84039029,Ohio,101883.0,-80.78094576,40.76932373,US,"Columbiana, Ohio, US",Columbiana,2020-07-01,1209,7,0.3817142857142857,4.829068637554842,11.86655281057684
5414,4920.0,"Columbiana,Ohio",84039029,Ohio,101883.0,-80.78094576,40.76932373,US,"Columbiana, Ohio, US",Columbiana,2020-08-01,1566,8,0.29528535980148884,4.829068637554842,15.370572126851387
2624,4920.0,"Columbiana,Ohio",84039029,Ohio,101883.0,-80.78094576,40.76932373,US,"Columbiana, Ohio, US",Columbiana,2020-09-01,1841,9,0.17560664112388258,4.829068637554842,18.069746670200132
27014,4920.0,"Columbiana,Ohio",84039029,Ohio,101883.0,-80.78094576,40.76932373,US,"Columbiana, Ohio, US",Columbiana,2020-10-01,1966,10,0.06789788158609444,4.829068637554842,19.296644189904104
24224,4920.0,"Columbiana,Ohio",84039029,Ohio,101883.0,-80.78094576,40.76932373,US,"Columbiana, Ohio, US",Columbiana,2020-11-01,2269,11,0.15412004069176,4.829068637554842,22.27064377766654
22514,4920.0,"Columbiana,Ohio",84039029,Ohio,101883.0,-80.78094576,40.76932373,US,"Columbiana, Ohio, US",Columbiana,2020-11-27,3765,12,0.6593212869105334,4.829068637554842,36.9541532934837
8207,64689.0,"Cuyahoga,Ohio",84039035,Ohio,1235072.0,-81.65918339,41.424119,US,"Cuyahoga, Ohio, US",Cuyahoga,2020-07-01,7013,7,0.5556787932564331,5.2376703544408745,5.678211472691471
5417,64689.0,"Cuyahoga,Ohio",84039035,Ohio,1235072.0,-81.65918339,41.424119,US,"Cuyahoga, Ohio, US",Cuyahoga,2020-08-01,12518,8,0.7849707685726508,5.2376703544408745,10.135441496528138
2627,64689.0,"Cuyahoga,Ohio",84039035,Ohio,1235072.0,-81.65918339,41.424119,US,"Cuyahoga, Ohio, US",Cuyahoga,2020-09-01,15804,9,0.26250199712414113,5.2376703544408745,12.796015131101669
27017,64689.0,"Cuyahoga,Ohio",84039035,Ohio,1235072.0,-81.65918339,41.424119,US,"Cuyahoga, Ohio, US",Cuyahoga,2020-10-01,17704,10,0.12022272842318404,5.2376703544408745,14.334386983107057
24227,64689.0,"Cuyahoga,Ohio",84039035,Ohio,1235072.0,-81.65918339,41.424119,US,"Cuyahoga, Ohio, US",Cuyahoga,2020-11-01,21777,11,0.23006100316312694,5.2376703544408745,17.632170432169136
22517,64689.0,"Cuyahoga,Ohio",84039035,Ohio,1235072.0,-81.65918339,41.424119,US,"Cuyahoga, Ohio, US",Cuyahoga,2020-11-27,39132,12,0.7969417275106765,5.2376703544408745,31.683982796144676
8209,605.0,"Defiance,Ohio",84039039,Ohio,38087.0,-84.49076944,41.32398837,US,"Defiance, Ohio, US",Defiance,2020-07-01,48,7,0.41176470588235303,1.5884685063144905,1.2602725339354635
5419,605.0,"Defiance,Ohio",84039039,Ohio,38087.0,-84.49076944,41.32398837,US,"Defiance, Ohio, US",Defiance,2020-08-01,129,8,1.6875,1.5884685063144905,3.3869824349515585
2629,605.0,"Defiance,Ohio",84039039,Ohio,38087.0,-84.49076944,41.32398837,US,"Defiance, Ohio, US",Defiance,2020-09-01,213,9,0.6511627906976745,1.5884685063144905,5.59245936933862
27019,605.0,"Defiance,Ohio",84039039,Ohio,38087.0,-84.49076944,41.32398837,US,"Defiance, Ohio, US",Defiance,2020-10-01,350,10,0.6431924882629108,1.5884685063144905,9.189487226612755
24229,605.0,"Defiance,Ohio",84039039,Ohio,38087.0,-84.49076944,41.32398837,US,"Defiance, Ohio, US",Defiance,2020-11-01,607,11,0.7342857142857142,1.5884685063144905,15.937196418725549
22519,605.0,"Defiance,Ohio",84039039,Ohio,38087.0,-84.49076944,41.32398837,US,"Defiance, Ohio, US",Defiance,2020-11-27,1499,12,1.469522240527183,1.5884685063144905,39.35726100769291
8210,1603.0,"Delaware,Ohio",84039041,Ohio,209177.0,-83.00457058,40.27942393,US,"Delaware, Ohio, US",Delaware,2020-07-01,518,7,0.5370919881305638,0.7663366431299808,2.4763716852235187
5420,1603.0,"Delaware,Ohio",84039041,Ohio,209177.0,-83.00457058,40.27942393,US,"Delaware, Ohio, US",Delaware,2020-08-01,1180,8,1.2779922779922779,0.7663366431299808,5.6411555763779
2630,1603.0,"Delaware,Ohio",84039041,Ohio,209177.0,-83.00457058,40.27942393,US,"Delaware, Ohio, US",Delaware,2020-09-01,1674,9,0.4186440677966101,0.7663366431299808,8.002791893946275
27020,1603.0,"Delaware,Ohio",84039041,Ohio,209177.0,-83.00457058,40.27942393,US,"Delaware, Ohio, US",Delaware,2020-10-01,2360,10,0.4097968936678613,0.7663366431299808,11.2823111527558
24230,1603.0,"Delaware,Ohio",84039041,Ohio,209177.0,-83.00457058,40.27942393,US,"Delaware, Ohio, US",Delaware,2020-11-01,3227,11,0.36737288135593227,0.7663366431299808,15.427126309297869
22520,1603.0,"Delaware,Ohio",84039041,Ohio,209177.0,-83.00457058,40.27942393,US,"Delaware, Ohio, US",Delaware,2020-11-27,5973,12,0.850945150294391,0.7663366431299808,28.554764625173895
8211,2457.0,"Erie,Ohio",84039043,Ohio,74266.0,-82.62904521,41.36796058,US,"Erie, Ohio, US",Erie,2020-07-01,229,7,0.3085714285714285,3.3083779926211183,3.083510623973285
5421,2457.0,"Erie,Ohio",84039043,Ohio,74266.0,-82.62904521,41.36796058,US,"Erie, Ohio, US",Erie,2020-08-01,507,8,1.2139737991266375,3.3083779926211183,6.826811730805483
2631,2457.0,"Erie,Ohio",84039043,Ohio,74266.0,-82.62904521,41.36796058,US,"Erie, Ohio, US",Erie,2020-09-01,774,9,0.5266272189349113,3.3083779926211183,10.421996606791803
27021,2457.0,"Erie,Ohio",84039043,Ohio,74266.0,-82.62904521,41.36796058,US,"Erie, Ohio, US",Erie,2020-10-01,983,10,0.27002583979328176,3.3083779926211183,13.23620499286349
24231,2457.0,"Erie,Ohio",84039043,Ohio,74266.0,-82.62904521,41.36796058,US,"Erie, Ohio, US",Erie,2020-11-01,1274,11,0.2960325534079349,3.3083779926211183,17.154552554331726
22521,2457.0,"Erie,Ohio",84039043,Ohio,74266.0,-82.62904521,41.36796058,US,"Erie, Ohio, US",Erie,2020-11-27,2408,12,0.8901098901098901,3.3083779926211183,32.42398944335227
8212,2070.0,"Fairfield,Ohio",84039045,Ohio,157574.0,-82.63088163,39.75107189,US,"Fairfield, Ohio, US",Fairfield,2020-07-01,503,7,0.7964285714285715,1.313668498610177,3.19215098937642
5422,2070.0,"Fairfield,Ohio",84039045,Ohio,157574.0,-82.63088163,39.75107189,US,"Fairfield, Ohio, US",Fairfield,2020-08-01,1228,8,1.4413518886679921,1.313668498610177,7.793163846827523
2632,2070.0,"Fairfield,Ohio",84039045,Ohio,157574.0,-82.63088163,39.75107189,US,"Fairfield, Ohio, US",Fairfield,2020-09-01,1738,9,0.4153094462540716,1.313668498610177,11.02973840862071
27022,2070.0,"Fairfield,Ohio",84039045,Ohio,157574.0,-82.63088163,39.75107189,US,"Fairfield, Ohio, US",Fairfield,2020-10-01,2194,10,0.26237054085155354,1.313668498610177,13.923616840341682
24232,2070.0,"Fairfield,Ohio",84039045,Ohio,157574.0,-82.63088163,39.75107189,US,"Fairfield, Ohio, US",Fairfield,2020-11-01,3097,11,0.411577028258888,1.313668498610177,19.654257682104916
22522,2070.0,"Fairfield,Ohio",84039045,Ohio,157574.0,-82.63088163,39.75107189,US,"Fairfield, Ohio, US",Fairfield,2020-11-27,5764,12,0.8611559573781078,1.313668498610177,36.579638772894
8214,57337.0,"Franklin,Ohio",84039049,Ohio,1316756.0,-83.01115755,39.96995815,US,"Franklin, Ohio, US",Franklin,2020-07-01,9338,7,0.5739086465531771,4.3544134220766795,7.091670742339507
5424,57337.0,"Franklin,Ohio",84039049,Ohio,1316756.0,-83.01115755,39.96995815,US,"Franklin, Ohio, US",Franklin,2020-08-01,16952,8,0.8153780252730778,4.3544134220766795,12.874063228115155
2634,57337.0,"Franklin,Ohio",84039049,Ohio,1316756.0,-83.01115755,39.96995815,US,"Franklin, Ohio, US",Franklin,2020-09-01,22005,9,0.29807692307692313,4.3544134220766795,16.71152438264948
27024,57337.0,"Franklin,Ohio",84039049,Ohio,1316756.0,-83.01115755,39.96995815,US,"Franklin, Ohio, US",Franklin,2020-10-01,27600,10,0.2542603953646898,4.3544134220766795,20.96060317932859
24234,57337.0,"Franklin,Ohio",84039049,Ohio,1316756.0,-83.01115755,39.96995815,US,"Franklin, Ohio, US",Franklin,2020-11-01,34517,11,0.2506159420289855,4.3544134220766795,26.213664490611773
22524,57337.0,"Franklin,Ohio",84039049,Ohio,1316756.0,-83.01115755,39.96995815,US,"Franklin, Ohio, US",Franklin,2020-11-27,52652,12,0.5253932844685227,4.3544134220766795,39.986147775290185
8217,3772.0,"Geauga,Ohio",84039055,Ohio,93649.0,-81.17935342,41.49952319,US,"Geauga, Ohio, US",Geauga,2020-07-01,390,7,0.36363636363636354,4.0278059562835695,4.164486540165939
5427,3772.0,"Geauga,Ohio",84039055,Ohio,93649.0,-81.17935342,41.49952319,US,"Geauga, Ohio, US",Geauga,2020-08-01,522,8,0.33846153846153837,4.0278059562835695,5.574005061452873
2637,3772.0,"Geauga,Ohio",84039055,Ohio,93649.0,-81.17935342,41.49952319,US,"Geauga, Ohio, US",Geauga,2020-09-01,623,9,0.19348659003831425,4.0278059562835695,6.652500293649692
27027,3772.0,"Geauga,Ohio",84039055,Ohio,93649.0,-81.17935342,41.49952319,US,"Geauga, Ohio, US",Geauga,2020-10-01,739,10,0.1861958266452648,4.0278059562835695,7.891168085083663
24237,3772.0,"Geauga,Ohio",84039055,Ohio,93649.0,-81.17935342,41.49952319,US,"Geauga, Ohio, US",Geauga,2020-11-01,991,11,0.34100135317997293,4.0278059562835695,10.582067080267809
22527,3772.0,"Geauga,Ohio",84039055,Ohio,93649.0,-81.17935342,41.49952319,US,"Geauga, Ohio, US",Geauga,2020-11-27,2270,12,1.2906155398587287,4.0278059562835695,24.239447297888926
8218,5842.0,"Greene,Ohio",84039057,Ohio,168937.0,-83.89032084,39.69116283,US,"Greene, Ohio, US",Greene,2020-07-01,222,7,1.1553398058252426,3.458093845634763,1.314099338806774
5428,5842.0,"Greene,Ohio",84039057,Ohio,168937.0,-83.89032084,39.69116283,US,"Greene, Ohio, US",Greene,2020-08-01,617,8,1.779279279279279,3.458093845634763,3.652249063260269
2638,5842.0,"Greene,Ohio",84039057,Ohio,168937.0,-83.89032084,39.69116283,US,"Greene, Ohio, US",Greene,2020-09-01,992,9,0.6077795786061588,3.458093845634763,5.872011459893334
27028,5842.0,"Greene,Ohio",84039057,Ohio,168937.0,-83.89032084,39.69116283,US,"Greene, Ohio, US",Greene,2020-10-01,1589,10,0.6018145161290323,3.458093845634763,9.405873195333172
24238,5842.0,"Greene,Ohio",84039057,Ohio,168937.0,-83.89032084,39.69116283,US,"Greene, Ohio, US",Greene,2020-11-01,2828,11,0.7797356828193833,3.458093845634763,16.739968153808817
22528,5842.0,"Greene,Ohio",84039057,Ohio,168937.0,-83.89032084,39.69116283,US,"Greene, Ohio, US",Greene,2020-11-27,5595,12,0.9784299858557284,3.458093845634763,33.11885495776532
8220,42520.0,"Hamilton,Ohio",84039061,Ohio,817473.0,-84.54502924,39.19673558,US,"Hamilton, Ohio, US",Hamilton,2020-07-01,5224,7,0.9362490733876947,5.201395030783891,6.390425127190745
5430,42520.0,"Hamilton,Ohio",84039061,Ohio,817473.0,-84.54502924,39.19673558,US,"Hamilton, Ohio, US",Hamilton,2020-08-01,9048,8,0.7320061255742727,5.201395030783891,11.06825546531812
2640,42520.0,"Hamilton,Ohio",84039061,Ohio,817473.0,-84.54502924,39.19673558,US,"Hamilton, Ohio, US",Hamilton,2020-09-01,11285,9,0.24723695844385496,5.201395030783891,13.804737281842948
27030,42520.0,"Hamilton,Ohio",84039061,Ohio,817473.0,-84.54502924,39.19673558,US,"Hamilton, Ohio, US",Hamilton,2020-10-01,13537,10,0.19955693398316354,5.201395030783891,16.5595683282506
24240,42520.0,"Hamilton,Ohio",84039061,Ohio,817473.0,-84.54502924,39.19673558,US,"Hamilton, Ohio, US",Hamilton,2020-11-01,19030,11,0.4057767599911355,5.201395030783891,23.279056311339946
22530,42520.0,"Hamilton,Ohio",84039061,Ohio,817473.0,-84.54502924,39.19673558,US,"Hamilton, Ohio, US",Hamilton,2020-11-27,31491,12,0.654808197582764,5.201395030783891,38.522373215996126
8221,3736.0,"Hancock,Ohio",84039063,Ohio,75783.0,-83.66838948,41.00250487,US,"Hancock, Ohio, US",Hancock,2020-07-01,76,7,0.52,4.929865537125741,1.0028634390298616
5431,3736.0,"Hancock,Ohio",84039063,Ohio,75783.0,-83.66838948,41.00250487,US,"Hancock, Ohio, US",Hancock,2020-08-01,309,8,3.0657894736842106,4.929865537125741,4.077431613950358
2641,3736.0,"Hancock,Ohio",84039063,Ohio,75783.0,-83.66838948,41.00250487,US,"Hancock, Ohio, US",Hancock,2020-09-01,527,9,0.7055016181229774,4.929865537125741,6.954066215378119
27031,3736.0,"Hancock,Ohio",84039063,Ohio,75783.0,-83.66838948,41.00250487,US,"Hancock, Ohio, US",Hancock,2020-10-01,745,10,0.413662239089184,4.929865537125741,9.83070081680588
24241,3736.0,"Hancock,Ohio",84039063,Ohio,75783.0,-83.66838948,41.00250487,US,"Hancock, Ohio, US",Hancock,2020-11-01,1284,11,0.7234899328859061,4.929865537125741,16.943113890978186
22531,3736.0,"Hancock,Ohio",84039063,Ohio,75783.0,-83.66838948,41.00250487,US,"Hancock, Ohio, US",Hancock,2020-11-27,2572,12,1.0031152647975077,4.929865537125741,33.93901006822111
8222,2364.0,"Hardin,Ohio",84039065,Ohio,31365.0,-83.65929931,40.66015414,US,"Hardin, Ohio, US",Hardin,2020-07-01,113,7,0.8524590163934427,7.537063605930176,3.602741909772039
5432,2364.0,"Hardin,Ohio",84039065,Ohio,31365.0,-83.65929931,40.66015414,US,"Hardin, Ohio, US",Hardin,2020-08-01,150,8,0.32743362831858414,7.537063605930176,4.782400765184122
2642,2364.0,"Hardin,Ohio",84039065,Ohio,31365.0,-83.65929931,40.66015414,US,"Hardin, Ohio, US",Hardin,2020-09-01,223,9,0.4866666666666666,7.537063605930176,7.1098358042403955
27032,2364.0,"Hardin,Ohio",84039065,Ohio,31365.0,-83.65929931,40.66015414,US,"Hardin, Ohio, US",Hardin,2020-10-01,258,10,0.15695067264573992,7.537063605930176,8.225729316116691
24242,2364.0,"Hardin,Ohio",84039065,Ohio,31365.0,-83.65929931,40.66015414,US,"Hardin, Ohio, US",Hardin,2020-11-01,416,11,0.6124031007751938,7.537063605930176,13.263191455443966
22532,2364.0,"Hardin,Ohio",84039065,Ohio,31365.0,-83.65929931,40.66015414,US,"Hardin, Ohio, US",Hardin,2020-11-27,1070,12,1.5721153846153846,7.537063605930176,34.11445879164674
8230,2497.0,"Jefferson,Ohio",84039081,Ohio,65325.0,-80.76259514,40.38614126,US,"Jefferson, Ohio, US",Jefferson,2020-07-01,80,7,0.19402985074626855,3.822426329889016,1.2246460007654039
5440,2497.0,"Jefferson,Ohio",84039081,Ohio,65325.0,-80.76259514,40.38614126,US,"Jefferson, Ohio, US",Jefferson,2020-08-01,203,8,1.5375,3.822426329889016,3.1075392269422117
2650,2497.0,"Jefferson,Ohio",84039081,Ohio,65325.0,-80.76259514,40.38614126,US,"Jefferson, Ohio, US",Jefferson,2020-09-01,275,9,0.35467980295566504,3.822426329889016,4.209720627631076
27040,2497.0,"Jefferson,Ohio",84039081,Ohio,65325.0,-80.76259514,40.38614126,US,"Jefferson, Ohio, US",Jefferson,2020-10-01,349,10,0.26909090909090905,3.822426329889016,5.342518178339073
24250,2497.0,"Jefferson,Ohio",84039081,Ohio,65325.0,-80.76259514,40.38614126,US,"Jefferson, Ohio, US",Jefferson,2020-11-01,553,11,0.5845272206303724,3.822426329889016,8.465365480290853
22540,2497.0,"Jefferson,Ohio",84039081,Ohio,65325.0,-80.76259514,40.38614126,US,"Jefferson, Ohio, US",Jefferson,2020-11-27,1381,12,1.4972875226039783,3.822426329889016,21.14045158821278
8231,1768.0,"Knox,Ohio",84039083,Ohio,62322.0,-82.42027563,40.39830217,US,"Knox, Ohio, US",Knox,2020-07-01,39,7,0.56,2.8368794326241136,0.6257822277847309
5441,1768.0,"Knox,Ohio",84039083,Ohio,62322.0,-82.42027563,40.39830217,US,"Knox, Ohio, US",Knox,2020-08-01,157,8,3.0256410256410255,2.8368794326241136,2.51917460928725
2651,1768.0,"Knox,Ohio",84039083,Ohio,62322.0,-82.42027563,40.39830217,US,"Knox, Ohio, US",Knox,2020-09-01,248,9,0.5796178343949046,2.8368794326241136,3.9793331407849557
27041,1768.0,"Knox,Ohio",84039083,Ohio,62322.0,-82.42027563,40.39830217,US,"Knox, Ohio, US",Knox,2020-10-01,295,10,0.189516129032258,2.8368794326241136,4.733480953756298
24251,1768.0,"Knox,Ohio",84039083,Ohio,62322.0,-82.42027563,40.39830217,US,"Knox, Ohio, US",Knox,2020-11-01,512,11,0.735593220338983,2.8368794326241136,8.215397451943133
22541,1768.0,"Knox,Ohio",84039083,Ohio,62322.0,-82.42027563,40.39830217,US,"Knox, Ohio, US",Knox,2020-11-27,1397,12,1.728515625,2.8368794326241136,22.41584031321203
8232,1021.0,"Lake,Ohio",84039085,Ohio,230149.0,-81.23676539,41.69710807,US,"Lake, Ohio, US",Lake,2020-07-01,443,7,0.43365695792880254,0.44362565120856484,1.924839994959787
5442,1021.0,"Lake,Ohio",84039085,Ohio,230149.0,-81.23676539,41.69710807,US,"Lake, Ohio, US",Lake,2020-08-01,1024,8,1.311512415349887,0.44362565120856484,4.449291545911562
2652,1021.0,"Lake,Ohio",84039085,Ohio,230149.0,-81.23676539,41.69710807,US,"Lake, Ohio, US",Lake,2020-09-01,1328,9,0.296875,0.44362565120856484,5.770174973604056
27042,1021.0,"Lake,Ohio",84039085,Ohio,230149.0,-81.23676539,41.69710807,US,"Lake, Ohio, US",Lake,2020-10-01,1677,10,0.26280120481927716,0.44362565120856484,7.286583908685243
24252,1021.0,"Lake,Ohio",84039085,Ohio,230149.0,-81.23676539,41.69710807,US,"Lake, Ohio, US",Lake,2020-11-01,2411,11,0.43768634466308876,0.44362565120856484,10.475822184758568
22542,1021.0,"Lake,Ohio",84039085,Ohio,230149.0,-81.23676539,41.69710807,US,"Lake, Ohio, US",Lake,2020-11-27,7525,12,2.1211115719618414,0.44362565120856484,32.69620984666455
8233,1674.0,"Lawrence,Ohio",84039087,Ohio,59463.0,-82.53466552,38.59743452,US,"Lawrence, Ohio, US",Lawrence,2020-07-01,65,7,1.1666666666666665,2.8151960042379294,1.0931167280493752
5443,1674.0,"Lawrence,Ohio",84039087,Ohio,59463.0,-82.53466552,38.59743452,US,"Lawrence, Ohio, US",Lawrence,2020-08-01,211,8,2.246153846153846,2.8151960042379294,3.5484250710525873
2653,1674.0,"Lawrence,Ohio",84039087,Ohio,59463.0,-82.53466552,38.59743452,US,"Lawrence, Ohio, US",Lawrence,2020-09-01,445,9,1.109004739336493,2.8151960042379294,7.483645292030338
27043,1674.0,"Lawrence,Ohio",84039087,Ohio,59463.0,-82.53466552,38.59743452,US,"Lawrence, Ohio, US",Lawrence,2020-10-01,703,10,0.5797752808988763,2.8151960042379294,11.822477843364782
24253,1674.0,"Lawrence,Ohio",84039087,Ohio,59463.0,-82.53466552,38.59743452,US,"Lawrence, Ohio, US",Lawrence,2020-11-01,1103,11,0.5689900426742531,2.8151960042379294,18.54935001597632
22543,1674.0,"Lawrence,Ohio",84039087,Ohio,59463.0,-82.53466552,38.59743452,US,"Lawrence, Ohio, US",Lawrence,2020-11-27,2011,12,0.8232094288304623,2.8151960042379294,33.81934984780452
8234,2376.0,"Licking,Ohio",84039089,Ohio,176862.0,-82.48185785,40.09136236,US,"Licking, Ohio, US",Licking,2020-07-01,416,7,0.6706827309236947,1.3434202937883772,2.352116339292782
5444,2376.0,"Licking,Ohio",84039089,Ohio,176862.0,-82.48185785,40.09136236,US,"Licking, Ohio, US",Licking,2020-08-01,1094,8,1.6298076923076925,1.3434202937883772,6.185613642274768
2654,2376.0,"Licking,Ohio",84039089,Ohio,176862.0,-82.48185785,40.09136236,US,"Licking, Ohio, US",Licking,2020-09-01,1611,9,0.4725776965265083,1.3434202937883772,9.108796688943922
27044,2376.0,"Licking,Ohio",84039089,Ohio,176862.0,-82.48185785,40.09136236,US,"Licking, Ohio, US",Licking,2020-10-01,1977,10,0.22718808193668538,1.3434202937883772,11.178206737456321
24254,2376.0,"Licking,Ohio",84039089,Ohio,176862.0,-82.48185785,40.09136236,US,"Licking, Ohio, US",Licking,2020-11-01,3064,11,0.5498229640870005,1.3434202937883772,17.324241499021834
22544,2376.0,"Licking,Ohio",84039089,Ohio,176862.0,-82.48185785,40.09136236,US,"Licking, Ohio, US",Licking,2020-11-27,5899,12,0.9252610966057442,1.3434202937883772,33.35368818626952
8236,18536.0,"Lorain,Ohio",84039093,Ohio,309833.0,-82.15083537,41.29553751,US,"Lorain, Ohio, US",Lorain,2020-07-01,962,7,0.3901734104046244,5.9825777112186245,3.1048984452914956
5446,18536.0,"Lorain,Ohio",84039093,Ohio,309833.0,-82.15083537,41.29553751,US,"Lorain, Ohio, US",Lorain,2020-08-01,1596,8,0.659043659043659,5.9825777112186245,5.151162077635371
2656,18536.0,"Lorain,Ohio",84039093,Ohio,309833.0,-82.15083537,41.29553751,US,"Lorain, Ohio, US",Lorain,2020-09-01,2111,9,0.32268170426065157,5.9825777112186245,6.8133478357695925
27046,18536.0,"Lorain,Ohio",84039093,Ohio,309833.0,-82.15083537,41.29553751,US,"Lorain, Ohio, US",Lorain,2020-10-01,2355,10,0.11558503079109417,5.9825777112186245,7.600868855157455
24256,18536.0,"Lorain,Ohio",84039093,Ohio,309833.0,-82.15083537,41.29553751,US,"Lorain, Ohio, US",Lorain,2020-11-01,3146,11,0.3358811040339702,5.9825777112186245,10.153857077845162
22546,18536.0,"Lorain,Ohio",84039093,Ohio,309833.0,-82.15083537,41.29553751,US,"Lorain, Ohio, US",Lorain,2020-11-27,7149,12,1.2724094087730453,5.9825777112186245,23.073720359032123
8237,19093.0,"Lucas,Ohio",84039095,Ohio,428348.0,-83.65468618,41.62101218,US,"Lucas, Ohio, US",Lucas,2020-07-01,2628,7,0.1541501976284585,4.457357102169264,6.135198483476052
5447,19093.0,"Lucas,Ohio",84039095,Ohio,428348.0,-83.65468618,41.62101218,US,"Lucas, Ohio, US",Lucas,2020-08-01,4762,8,0.8120243531202436,4.457357102169264,11.117129063284992
2657,19093.0,"Lucas,Ohio",84039095,Ohio,428348.0,-83.65468618,41.62101218,US,"Lucas, Ohio, US",Lucas,2020-09-01,6475,9,0.359722805543889,4.457357102169264,15.116213919523377
27047,19093.0,"Lucas,Ohio",84039095,Ohio,428348.0,-83.65468618,41.62101218,US,"Lucas, Ohio, US",Lucas,2020-10-01,7429,10,0.1473359073359073,4.457357102169264,17.343375012840028
24257,19093.0,"Lucas,Ohio",84039095,Ohio,428348.0,-83.65468618,41.62101218,US,"Lucas, Ohio, US",Lucas,2020-11-01,9086,11,0.22304482433705752,4.457357102169264,21.211725045990644
22547,19093.0,"Lucas,Ohio",84039095,Ohio,428348.0,-83.65468618,41.62101218,US,"Lucas, Ohio, US",Lucas,2020-11-27,15301,12,0.6840193704600483,4.457357102169264,35.7209558583208
8239,12839.0,"Mahoning,Ohio",84039099,Ohio,228683.0,-80.77287029,41.01631101,US,"Mahoning, Ohio, US",Mahoning,2020-07-01,1752,7,0.21835883171070924,5.6143220090693235,7.661260347292978
5449,12839.0,"Mahoning,Ohio",84039099,Ohio,228683.0,-80.77287029,41.01631101,US,"Mahoning, Ohio, US",Mahoning,2020-08-01,2383,8,0.3601598173515981,5.6143220090693235,10.420538474657059
2659,12839.0,"Mahoning,Ohio",84039099,Ohio,228683.0,-80.77287029,41.01631101,US,"Mahoning, Ohio, US",Mahoning,2020-09-01,2864,9,0.20184641208560627,5.6143220090693235,12.523886777766602
27049,12839.0,"Mahoning,Ohio",84039099,Ohio,228683.0,-80.77287029,41.01631101,US,"Mahoning, Ohio, US",Mahoning,2020-10-01,3155,10,0.10160614525139655,5.6143220090693235,13.796390636820403
24259,12839.0,"Mahoning,Ohio",84039099,Ohio,228683.0,-80.77287029,41.01631101,US,"Mahoning, Ohio, US",Mahoning,2020-11-01,4090,11,0.29635499207606975,5.6143220090693235,17.885019874673677
22549,12839.0,"Mahoning,Ohio",84039099,Ohio,228683.0,-80.77287029,41.01631101,US,"Mahoning, Ohio, US",Mahoning,2020-11-27,7985,12,0.952322738386308,5.6143220090693235,34.917330977816455
8243,1641.0,"Mercer,Ohio",84039107,Ohio,41172.0,-84.62912742,40.54043046,US,"Mercer, Ohio, US",Mercer,2020-07-01,272,7,0.2592592592592593,3.985718449431653,6.606431555426018
5453,1641.0,"Mercer,Ohio",84039107,Ohio,41172.0,-84.62912742,40.54043046,US,"Mercer, Ohio, US",Mercer,2020-08-01,517,8,0.900735294117647,3.985718449431653,12.557077625570775
2663,1641.0,"Mercer,Ohio",84039107,Ohio,41172.0,-84.62912742,40.54043046,US,"Mercer, Ohio, US",Mercer,2020-09-01,833,9,0.6112185686653773,3.985718449431653,20.23219663849218
27053,1641.0,"Mercer,Ohio",84039107,Ohio,41172.0,-84.62912742,40.54043046,US,"Mercer, Ohio, US",Mercer,2020-10-01,1167,10,0.40096038415366153,3.985718449431653,28.34450597493442
24263,1641.0,"Mercer,Ohio",84039107,Ohio,41172.0,-84.62912742,40.54043046,US,"Mercer, Ohio, US",Mercer,2020-11-01,1761,11,0.5089974293059125,3.985718449431653,42.77178665112212
22553,1641.0,"Mercer,Ohio",84039107,Ohio,41172.0,-84.62912742,40.54043046,US,"Mercer, Ohio, US",Mercer,2020-11-27,2992,12,0.6990346394094265,3.985718449431653,72.6707471096862
8246,53567.0,"Montgomery,Ohio",84039113,Ohio,531687.0,-84.29050975,39.75394919,US,"Montgomery, Ohio, US",Montgomery,2020-07-01,1784,7,1.608187134502924,10.074912495509576,3.3553575693970323
5456,53567.0,"Montgomery,Ohio",84039113,Ohio,531687.0,-84.29050975,39.75394919,US,"Montgomery, Ohio, US",Montgomery,2020-08-01,3970,8,1.2253363228699552,10.074912495509576,7.466799075395863
2666,53567.0,"Montgomery,Ohio",84039113,Ohio,531687.0,-84.29050975,39.75394919,US,"Montgomery, Ohio, US",Montgomery,2020-09-01,6092,9,0.5345088161209068,10.074912495509576,11.457869009398387
27056,53567.0,"Montgomery,Ohio",84039113,Ohio,531687.0,-84.29050975,39.75394919,US,"Montgomery, Ohio, US",Montgomery,2020-10-01,8120,10,0.3328956007879187,10.074912495509576,15.272143197031335
24266,53567.0,"Montgomery,Ohio",84039113,Ohio,531687.0,-84.29050975,39.75394919,US,"Montgomery, Ohio, US",Montgomery,2020-11-01,12156,11,0.4970443349753695,10.074912495509576,22.86307545604839
22556,53567.0,"Montgomery,Ohio",84039113,Ohio,531687.0,-84.29050975,39.75394919,US,"Montgomery, Ohio, US",Montgomery,2020-11-27,21355,12,0.7567456400131622,10.074912495509576,40.16460812470495
8249,3127.0,"Muskingum,Ohio",84039119,Ohio,86215.0,-81.94363275,39.96575964,US,"Muskingum, Ohio, US",Muskingum,2020-07-01,73,7,0.40384615384615374,3.626979063967987,0.8467204082816215
5459,3127.0,"Muskingum,Ohio",84039119,Ohio,86215.0,-81.94363275,39.96575964,US,"Muskingum, Ohio, US",Muskingum,2020-08-01,175,8,1.3972602739726026,3.626979063967987,2.029809197935394
2669,3127.0,"Muskingum,Ohio",84039119,Ohio,86215.0,-81.94363275,39.96575964,US,"Muskingum, Ohio, US",Muskingum,2020-09-01,301,9,0.72,3.626979063967987,3.491271820448878
27059,3127.0,"Muskingum,Ohio",84039119,Ohio,86215.0,-81.94363275,39.96575964,US,"Muskingum, Ohio, US",Muskingum,2020-10-01,498,10,0.654485049833887,3.626979063967987,5.776257031839007
24269,3127.0,"Muskingum,Ohio",84039119,Ohio,86215.0,-81.94363275,39.96575964,US,"Muskingum, Ohio, US",Muskingum,2020-11-01,1096,11,1.2008032128514055,3.626979063967987,12.71240503392681
22559,3127.0,"Muskingum,Ohio",84039119,Ohio,86215.0,-81.94363275,39.96575964,US,"Muskingum, Ohio, US",Muskingum,2020-11-27,2625,12,1.39507299270073,3.626979063967987,30.44713796903091
8257,27921.0,"Portage,Ohio",84039133,Ohio,162466.0,-81.19735782,41.16793482,US,"Portage, Ohio, US",Portage,2020-07-01,418,7,0.27828746177370034,17.185749633769525,2.5728460108576563
5467,27921.0,"Portage,Ohio",84039133,Ohio,162466.0,-81.19735782,41.16793482,US,"Portage, Ohio, US",Portage,2020-08-01,708,8,0.69377990430622,17.185749633769525,4.357834870065121
2677,27921.0,"Portage,Ohio",84039133,Ohio,162466.0,-81.19735782,41.16793482,US,"Portage, Ohio, US",Portage,2020-09-01,865,9,0.22175141242937846,17.185749633769525,5.324190907636059
27067,27921.0,"Portage,Ohio",84039133,Ohio,162466.0,-81.19735782,41.16793482,US,"Portage, Ohio, US",Portage,2020-10-01,1205,10,0.3930635838150289,17.185749633769525,7.416936466706881
24277,27921.0,"Portage,Ohio",84039133,Ohio,162466.0,-81.19735782,41.16793482,US,"Portage, Ohio, US",Portage,2020-11-01,1945,11,0.6141078838174274,17.185749633769525,11.97173562468455
22567,27921.0,"Portage,Ohio",84039133,Ohio,162466.0,-81.19735782,41.16793482,US,"Portage, Ohio, US",Portage,2020-11-27,3855,12,0.9820051413881747,17.185749633769525,23.72804155946475
8260,3814.0,"Richland,Ohio",84039139,Ohio,121154.0,-82.53799609999999,40.77180308,US,"Richland, Ohio, US",Richland,2020-07-01,318,7,0.5820895522388059,3.148059494527626,2.624758571735147
5470,3814.0,"Richland,Ohio",84039139,Ohio,121154.0,-82.53799609999999,40.77180308,US,"Richland, Ohio, US",Richland,2020-08-01,531,8,0.6698113207547169,3.148059494527626,4.382851577331331
2680,3814.0,"Richland,Ohio",84039139,Ohio,121154.0,-82.53799609999999,40.77180308,US,"Richland, Ohio, US",Richland,2020-09-01,703,9,0.32391713747645956,3.148059494527626,5.80253231424468
27070,3814.0,"Richland,Ohio",84039139,Ohio,121154.0,-82.53799609999999,40.77180308,US,"Richland, Ohio, US",Richland,2020-10-01,982,10,0.39687055476529154,3.148059494527626,8.105386532842498
24280,3814.0,"Richland,Ohio",84039139,Ohio,121154.0,-82.53799609999999,40.77180308,US,"Richland, Ohio, US",Richland,2020-11-01,1646,11,0.6761710794297353,3.148059494527626,13.586014493949849
22570,3814.0,"Richland,Ohio",84039139,Ohio,121154.0,-82.53799609999999,40.77180308,US,"Richland, Ohio, US",Richland,2020-11-27,3496,12,1.123936816524909,3.148059494527626,28.855836373541113
8261,2137.0,"Ross,Ohio",84039141,Ohio,76666.0,-83.06000914,39.33705391,US,"Ross, Ohio, US",Ross,2020-07-01,109,7,0.5138888888888888,2.78741554274385,1.4217514934912479
5471,2137.0,"Ross,Ohio",84039141,Ohio,76666.0,-83.06000914,39.33705391,US,"Ross, Ohio, US",Ross,2020-08-01,381,8,2.4954128440366974,2.78741554274385,4.969608431377664
2681,2137.0,"Ross,Ohio",84039141,Ohio,76666.0,-83.06000914,39.33705391,US,"Ross, Ohio, US",Ross,2020-09-01,712,9,0.8687664041994752,2.78741554274385,9.287037278585032
27071,2137.0,"Ross,Ohio",84039141,Ohio,76666.0,-83.06000914,39.33705391,US,"Ross, Ohio, US",Ross,2020-10-01,934,10,0.3117977528089888,2.78741554274385,12.182714632301149
24281,2137.0,"Ross,Ohio",84039141,Ohio,76666.0,-83.06000914,39.33705391,US,"Ross, Ohio, US",Ross,2020-11-01,1648,11,0.7644539614561028,2.78741554274385,21.495839094252993
22571,2137.0,"Ross,Ohio",84039141,Ohio,76666.0,-83.06000914,39.33705391,US,"Ross, Ohio, US",Ross,2020-11-27,2512,12,0.5242718446601942,2.78741554274385,32.76550230871573
8262,2972.0,"Sandusky,Ohio",84039143,Ohio,58518.0,-83.137872,41.35624126,US,"Sandusky, Ohio, US",Sandusky,2020-07-01,122,7,0.5061728395061729,5.078779179056017,2.0848285997470866
5472,2972.0,"Sandusky,Ohio",84039143,Ohio,58518.0,-83.137872,41.35624126,US,"Sandusky, Ohio, US",Sandusky,2020-08-01,319,8,1.6147540983606556,5.078779179056017,5.451314125568201
2682,2972.0,"Sandusky,Ohio",84039143,Ohio,58518.0,-83.137872,41.35624126,US,"Sandusky, Ohio, US",Sandusky,2020-09-01,520,9,0.6300940438871474,5.078779179056017,8.886154687446599
27072,2972.0,"Sandusky,Ohio",84039143,Ohio,58518.0,-83.137872,41.35624126,US,"Sandusky, Ohio, US",Sandusky,2020-10-01,600,10,0.15384615384615374,5.078779179056017,10.25325540859223
24282,2972.0,"Sandusky,Ohio",84039143,Ohio,58518.0,-83.137872,41.35624126,US,"Sandusky, Ohio, US",Sandusky,2020-11-01,828,11,0.3799999999999999,5.078779179056017,14.149492463857275
22572,2972.0,"Sandusky,Ohio",84039143,Ohio,58518.0,-83.137872,41.35624126,US,"Sandusky, Ohio, US",Sandusky,2020-11-27,1664,12,1.0096618357487923,5.078779179056017,28.435694999829114
8263,3864.0,"Scioto,Ohio",84039145,Ohio,75314.0,-82.98907345,38.80270163,US,"Scioto, Ohio, US",Scioto,2020-07-01,36,7,1.0,5.130520222003877,0.4779987784475662
5473,3864.0,"Scioto,Ohio",84039145,Ohio,75314.0,-82.98907345,38.80270163,US,"Scioto, Ohio, US",Scioto,2020-08-01,180,8,4.0,5.130520222003877,2.3899938922378308
2683,3864.0,"Scioto,Ohio",84039145,Ohio,75314.0,-82.98907345,38.80270163,US,"Scioto, Ohio, US",Scioto,2020-09-01,365,9,1.0277777777777777,5.130520222003877,4.846376503704491
27073,3864.0,"Scioto,Ohio",84039145,Ohio,75314.0,-82.98907345,38.80270163,US,"Scioto, Ohio, US",Scioto,2020-10-01,547,10,0.4986301369863013,5.130520222003877,7.262925883633852
24283,3864.0,"Scioto,Ohio",84039145,Ohio,75314.0,-82.98907345,38.80270163,US,"Scioto, Ohio, US",Scioto,2020-11-01,1057,11,0.9323583180987203,5.130520222003877,14.034575244974375
22573,3864.0,"Scioto,Ohio",84039145,Ohio,75314.0,-82.98907345,38.80270163,US,"Scioto, Ohio, US",Scioto,2020-11-27,2043,12,0.9328287606433301,5.130520222003877,27.126430676899382
8264,3801.0,"Seneca,Ohio",84039147,Ohio,55178.0,-83.12783209,41.12351311,US,"Seneca, Ohio, US",Seneca,2020-07-01,33,7,0.6499999999999999,6.888615027728442,0.5980644459748451
5474,3801.0,"Seneca,Ohio",84039147,Ohio,55178.0,-83.12783209,41.12351311,US,"Seneca, Ohio, US",Seneca,2020-08-01,147,8,3.454545454545454,6.888615027728442,2.6641052593424916
2684,3801.0,"Seneca,Ohio",84039147,Ohio,55178.0,-83.12783209,41.12351311,US,"Seneca, Ohio, US",Seneca,2020-09-01,359,9,1.4421768707482991,6.888615027728442,6.506216245605132
27074,3801.0,"Seneca,Ohio",84039147,Ohio,55178.0,-83.12783209,41.12351311,US,"Seneca, Ohio, US",Seneca,2020-10-01,498,10,0.3871866295264623,6.888615027728442,9.025336184711298
24284,3801.0,"Seneca,Ohio",84039147,Ohio,55178.0,-83.12783209,41.12351311,US,"Seneca, Ohio, US",Seneca,2020-11-01,735,11,0.47590361445783125,6.888615027728442,13.320526296712458
22574,3801.0,"Seneca,Ohio",84039147,Ohio,55178.0,-83.12783209,41.12351311,US,"Seneca, Ohio, US",Seneca,2020-11-27,1929,12,1.6244897959183673,6.888615027728442,34.95958534198412
8266,13220.0,"Stark,Ohio",84039151,Ohio,370606.0,-81.36437305,40.81482476,US,"Stark, Ohio, US",Stark,2020-07-01,1052,7,0.42934782608695654,3.5671305915176763,2.8385940864422055
5476,13220.0,"Stark,Ohio",84039151,Ohio,370606.0,-81.36437305,40.81482476,US,"Stark, Ohio, US",Stark,2020-08-01,1661,8,0.5788973384030418,3.5671305915176763,4.481848647890212
2686,13220.0,"Stark,Ohio",84039151,Ohio,370606.0,-81.36437305,40.81482476,US,"Stark, Ohio, US",Stark,2020-09-01,2354,9,0.4172185430463575,3.5671305915176763,6.351759010917254
27076,13220.0,"Stark,Ohio",84039151,Ohio,370606.0,-81.36437305,40.81482476,US,"Stark, Ohio, US",Stark,2020-10-01,2979,10,0.26550552251486836,3.5671305915176763,8.038186105999364
24286,13220.0,"Stark,Ohio",84039151,Ohio,370606.0,-81.36437305,40.81482476,US,"Stark, Ohio, US",Stark,2020-11-01,4528,11,0.5199731453507888,3.5671305915176763,12.217827018450862
22576,13220.0,"Stark,Ohio",84039151,Ohio,370606.0,-81.36437305,40.81482476,US,"Stark, Ohio, US",Stark,2020-11-27,9780,12,1.159893992932862,3.5671305915176763,26.38921118384484
8267,18944.0,"Summit,Ohio",84039153,Ohio,541013.0,-81.53123079,41.12464734,US,"Summit, Ohio, US",Summit,2020-07-01,1969,7,0.35512732278045434,3.5015794444865467,3.639468922188561
5477,18944.0,"Summit,Ohio",84039153,Ohio,541013.0,-81.53123079,41.12464734,US,"Summit, Ohio, US",Summit,2020-08-01,3212,8,0.6312849162011174,3.5015794444865467,5.937010755748938
2687,18944.0,"Summit,Ohio",84039153,Ohio,541013.0,-81.53123079,41.12464734,US,"Summit, Ohio, US",Summit,2020-09-01,4505,9,0.4025529265255292,3.5015794444865467,8.326971810289217
27077,18944.0,"Summit,Ohio",84039153,Ohio,541013.0,-81.53123079,41.12464734,US,"Summit, Ohio, US",Summit,2020-10-01,5464,10,0.2128745837957824,3.5015794444865467,10.099572468683748
24287,18944.0,"Summit,Ohio",84039153,Ohio,541013.0,-81.53123079,41.12464734,US,"Summit, Ohio, US",Summit,2020-11-01,7580,11,0.3872620790629575,3.5015794444865467,14.01075390055322
22577,18944.0,"Summit,Ohio",84039153,Ohio,541013.0,-81.53123079,41.12464734,US,"Summit, Ohio, US",Summit,2020-11-27,14667,12,0.9349604221635883,3.5015794444865467,27.110254282244604
8268,4029.0,"Trumbull,Ohio",84039155,Ohio,197974.0,-80.76109643,41.31735028,US,"Trumbull, Ohio, US",Trumbull,2020-07-01,863,7,0.4828178694158076,2.03511572226656,4.3591582733086165
5478,4029.0,"Trumbull,Ohio",84039155,Ohio,197974.0,-80.76109643,41.31735028,US,"Trumbull, Ohio, US",Trumbull,2020-08-01,1408,8,0.6315179606025492,2.03511572226656,7.112045016012203
2688,4029.0,"Trumbull,Ohio",84039155,Ohio,197974.0,-80.76109643,41.31735028,US,"Trumbull, Ohio, US",Trumbull,2020-09-01,1751,9,0.24360795454545459,2.03511572226656,8.84459575499813
27078,4029.0,"Trumbull,Ohio",84039155,Ohio,197974.0,-80.76109643,41.31735028,US,"Trumbull, Ohio, US",Trumbull,2020-10-01,1949,10,0.11307824100513986,2.03511572226656,9.844727085374847
24288,4029.0,"Trumbull,Ohio",84039155,Ohio,197974.0,-80.76109643,41.31735028,US,"Trumbull, Ohio, US",Trumbull,2020-11-01,2544,11,0.3052847614161107,2.03511572226656,12.850172244840232
22578,4029.0,"Trumbull,Ohio",84039155,Ohio,197974.0,-80.76109643,41.31735028,US,"Trumbull, Ohio, US",Trumbull,2020-11-27,5867,12,1.3062106918238992,2.03511572226656,29.63520462282926
8269,2964.0,"Tuscarawas,Ohio",84039157,Ohio,91987.0,-81.47226262,40.44214695,US,"Tuscarawas, Ohio, US",Tuscarawas,2020-07-01,515,7,0.4756446991404011,3.222194440518769,5.598617195908117
5479,2964.0,"Tuscarawas,Ohio",84039157,Ohio,91987.0,-81.47226262,40.44214695,US,"Tuscarawas, Ohio, US",Tuscarawas,2020-08-01,743,8,0.4427184466019418,3.222194440518769,8.07722830399948
2689,2964.0,"Tuscarawas,Ohio",84039157,Ohio,91987.0,-81.47226262,40.44214695,US,"Tuscarawas, Ohio, US",Tuscarawas,2020-09-01,865,9,0.16419919246298798,3.222194440518769,9.403502668855381
27079,2964.0,"Tuscarawas,Ohio",84039157,Ohio,91987.0,-81.47226262,40.44214695,US,"Tuscarawas, Ohio, US",Tuscarawas,2020-10-01,959,10,0.10867052023121393,3.222194440518769,10.425386195875504
24289,2964.0,"Tuscarawas,Ohio",84039157,Ohio,91987.0,-81.47226262,40.44214695,US,"Tuscarawas, Ohio, US",Tuscarawas,2020-11-01,1576,11,0.643378519290928,3.222194440518769,17.13285572961397
22579,2964.0,"Tuscarawas,Ohio",84039157,Ohio,91987.0,-81.47226262,40.44214695,US,"Tuscarawas, Ohio, US",Tuscarawas,2020-11-27,3605,12,1.2874365482233503,3.222194440518769,39.19032037135682
8275,1203.0,"Washington,Ohio",84039167,Ohio,59911.0,-81.49121382,39.45690571,US,"Washington, Ohio, US",Washington,2020-07-01,127,7,0.07627118644067798,2.0079785014438083,2.1198110530620418
5485,1203.0,"Washington,Ohio",84039167,Ohio,59911.0,-81.49121382,39.45690571,US,"Washington, Ohio, US",Washington,2020-08-01,195,8,0.5354330708661417,2.0079785014438083,3.2548279948590406
2695,1203.0,"Washington,Ohio",84039167,Ohio,59911.0,-81.49121382,39.45690571,US,"Washington, Ohio, US",Washington,2020-09-01,227,9,0.16410256410256419,2.0079785014438083,3.788953614528217
27085,1203.0,"Washington,Ohio",84039167,Ohio,59911.0,-81.49121382,39.45690571,US,"Washington, Ohio, US",Washington,2020-10-01,264,10,0.16299559471365632,2.0079785014438083,4.4065363622707014
24295,1203.0,"Washington,Ohio",84039167,Ohio,59911.0,-81.49121382,39.45690571,US,"Washington, Ohio, US",Washington,2020-11-01,461,11,0.7462121212121211,2.0079785014438083,7.6947472083590664
22585,1203.0,"Washington,Ohio",84039167,Ohio,59911.0,-81.49121382,39.45690571,US,"Washington, Ohio, US",Washington,2020-11-27,1334,12,1.893709327548807,2.0079785014438083,22.266361769958774
8276,2154.0,"Wayne,Ohio",84039169,Ohio,115710.0,-81.88844833,40.82925852,US,"Wayne, Ohio, US",Wayne,2020-07-01,354,7,0.27797833935018046,1.8615504277936221,3.0593725693544207
5486,2154.0,"Wayne,Ohio",84039169,Ohio,115710.0,-81.88844833,40.82925852,US,"Wayne, Ohio, US",Wayne,2020-08-01,488,8,0.37853107344632764,1.8615504277936221,4.217440152104399
2696,2154.0,"Wayne,Ohio",84039169,Ohio,115710.0,-81.88844833,40.82925852,US,"Wayne, Ohio, US",Wayne,2020-09-01,765,9,0.5676229508196722,1.8615504277936221,6.611355976147265
27086,2154.0,"Wayne,Ohio",84039169,Ohio,115710.0,-81.88844833,40.82925852,US,"Wayne, Ohio, US",Wayne,2020-10-01,961,10,0.25620915032679736,1.8615504277936221,8.30524587330395
24296,2154.0,"Wayne,Ohio",84039169,Ohio,115710.0,-81.88844833,40.82925852,US,"Wayne, Ohio, US",Wayne,2020-11-01,1858,11,0.9334027055150884,1.8615504277936221,16.05738484141388
22586,2154.0,"Wayne,Ohio",84039169,Ohio,115710.0,-81.88844833,40.82925852,US,"Wayne, Ohio, US",Wayne,2020-11-27,3408,12,0.8342303552206674,1.8615504277936221,29.452942701581538
8278,16652.0,"Wood,Ohio",84039173,Ohio,130817.0,-83.62285108,41.36224827,US,"Wood, Ohio, US",Wood,2020-07-01,384,7,0.3016949152542372,12.729232439208971,2.9353983045017085
5488,16652.0,"Wood,Ohio",84039173,Ohio,130817.0,-83.62285108,41.36224827,US,"Wood, Ohio, US",Wood,2020-08-01,895,8,1.3307291666666665,12.729232439208971,6.841618444086014
2698,16652.0,"Wood,Ohio",84039173,Ohio,130817.0,-83.62285108,41.36224827,US,"Wood, Ohio, US",Wood,2020-09-01,1351,9,0.5094972067039105,12.729232439208971,10.327403930681793
27088,16652.0,"Wood,Ohio",84039173,Ohio,130817.0,-83.62285108,41.36224827,US,"Wood, Ohio, US",Wood,2020-10-01,2002,10,0.4818652849740932,12.729232439208971,15.303821368782346
24298,16652.0,"Wood,Ohio",84039173,Ohio,130817.0,-83.62285108,41.36224827,US,"Wood, Ohio, US",Wood,2020-11-01,2808,11,0.4025974025974026,12.729232439208971,21.465100101668742
22588,16652.0,"Wood,Ohio",84039173,Ohio,130817.0,-83.62285108,41.36224827,US,"Wood, Ohio, US",Wood,2020-11-27,4861,12,0.7311253561253561,12.729232439208971,37.158779057767724
